Speaker;Topic;Date;Words
Peirce Muris;Multi-tiered 24 hour workforce;2012-11-17;7848
Corrie Gadd;Adaptive responsive analyzer;2012-12-03;43
Danielle Gatrell;Organized responsive functionalities;2012-11-02;4370
Lenci Janaway;Down-sized bi-directional neural-net;2012-11-03;9864
Sallie Padrick;Optional systemic orchestration;2012-12-02;8188
Yasmin Seager;Programmable upward-trending leverage;2012-11-08;447
Kev Ewols;Implemented exuding approach;2012-11-05;3810
Oliviero Maskrey;Phased high-level capability;2012-11-30;3740
Rodolphe Majury;Implemented actuating flexibility;2012-11-21;3104
Cart Ranken;Operative bandwidth-monitored strategy;2012-11-18;889
Ariella Panchin;Cross-group full-range methodology;2012-11-25;9529
Cristionna Lumly;Programmable 4th generation encoding;2012-11-09;3366
Izaak Coonihan;Compatible tangible collaboration;2012-11-24;4622
Glenn Butt Gow;Ergonomic zero defect alliance;2012-11-06;4269
Melba Carrick;Distributed attitude-oriented firmware;2012-11-04;5515
Oren Ettles;Enterprise-wide 5th generation migration;2012-12-02;2116
Lowe Joslow;Distributed client-driven matrix;2012-11-05;1643
Pat O'Doran;Programmable global archive;2012-11-25;3162
Mella Grinter;Mandatory zero defect adapter;2012-11-03;3478
Megan Sivess;Synchronised bifurcated function;2012-11-29;5799
Daffy Sinnatt;Public-key dynamic protocol;2012-11-06;8069
Carmel Caldera;Total real-time policy;2012-11-16;6835
Janaya Gartside;Secured object-oriented budgetary management;2012-11-09;259
Fairfax Bradder;Integrated context-sensitive data-warehouse;2012-11-08;2942
Vinson Impett;Expanded asynchronous knowledge user;2012-11-04;5746
Garwood Greydon;Face to face object-oriented ability;2012-11-04;5079
Dolf Duckitt;Cross-platform global migration;2012-11-26;6532
Winnifred Giovannacci;Enhanced mobile ability;2012-11-17;1269
Donal Jansik;Synergistic mobile secured line;2012-11-13;6324
Darren Chapelle;Optimized radical Graphic Interface;2012-11-27;9081
